Name,Age
Shelley Knight,79
George Mcdowell,67
Tyler Morgan,97
Melissa King,84
Matthew Reyes,85
Christopher Nguyen,73
Joseph Washington,89
James Smith,100
Donald Peterson,58
Richard Lopez,85
Sharon Campbell,65
Christina Sandoval,51
Mallory Meadows,83
Jessica Dean,54
Michael Campbell,100
Andrea Ward,52
Sandra Stewart,56
Mark Wheeler,85
Colin Winters,88
Jessica Davis,51
Jenna Park,90
Kristen Miranda PhD,96
Brittany Bradley,57
Vanessa Anthony,58
Kimberly Hansen,64
Jeffrey Jones,94
Nina Bates,86
Claire Parker,68
Jeremy Parker,57
Mariah Baker,97
Matthew Rivera,61
Richard Tucker,72
Jeffrey Walter,69
Darrell Kane,58
Paul Gray,69
Frank Ruiz,68
Daniel Blackwell,75
Micheal Shields,92
Melanie Jackson,53
Michael Ramirez,55
Yolanda Wyatt,58
Susan Jones,73
Mark Avila,91
Christopher Green,82
Luis Davis MD,52
April Smith,77
Nicholas Cole,50
Gary Myers,66
Alexis Guerrero,54
David Hurley,71
Teresa Martin,57
Donna Pierce,56
Charles Martinez,59
Katelyn Martinez,56
Joshua Phillips,80
Abigail Walker,68
Craig Barnes,74
Luke Mejia,62
William Fowler,51
Tyler Roberson,52
Anne Phillips,99
Todd Morgan,53
Matthew Roberts,76
David Johnson,75
Shannon Butler,57
Jenny Morrow,74
Debbie Hernandez,61
Kayla Watson,100
Karen Foster,67
Catherine Taylor,64
David Lewis,100
Hailey Moon,78
Diana Gibson,73
Kelly Daugherty,65
Troy Lee,98
Christopher Adams,96
Molly Smith,78
Dominic Munoz,60
Matthew Black,93
John Kelley,80
Hayden Walker,50
Patricia Yang,84
Rachel Smith,83
Antonio Jackson,74
Cory Hodges,50
Anthony Acevedo,54
James Cameron,59
Hannah Potter,53
Robert Benson,96
Eric Martinez,98
Crystal Matthews,89
Thomas Moore,60
Chelsey Mullins,99
Dawn Boyd,80
Olivia Roman,98
Michael Fernandez,98
Andrea Hutchinson,99
Erika Hawkins,64
Ronald Powers,51
Brandon Silva,59
Tara Perkins,77
Catherine Turner,84
Kenneth Norris,68
Tammy Campbell,67
Carl Murphy,100
Jessica Nixon,58
Michael Gordon,79
Andrew Hicks,92
Lisa Brown,93
Scott Robertson,82
Daniel Pollard,74
Jeffery Kim,66
Elizabeth Smith,77
Samuel Sparks,93
Grant Robertson,99
Patrick Rhodes,81
Terry Mckee,60
Bryan Miller,91
Mary Trujillo,72
Scott Peters,89
Earl Powell,64
William Sanford,50
Helen Cooper,54
Kayla Smith,63
Sharon Romero,89
David Hendrix,58
Allen Berry,69
Paul Dyer,64
Peter Alvarado,50
Matthew Bentley,72
Julie Combs,72
William Mathis,64
Haley Jimenez,79
Allison Bryan,100
Jessica Bryant,79
Virginia Johnson,92
Eddie Johnson,56
Becky Taylor,81
Michael Ballard,84
William Martinez,77
Bryan Johnson,85
Victoria Rose,95
Daniel Hernandez,68
Derek Reyes,56
Jeremy Patterson,58
David Johnson,57
Rebecca Richardson,54
Matthew Martin,100
James Jones,97
Carolyn Cruz,90
Troy Morris,75
Kathryn Nunez,52
Elizabeth Smith,70
Jill Roy,91
Ryan Porter,59
Derrick Irwin,82
Alicia Watson,72
Jessica Coleman,50
Clifford Hoffman,95
Jake Vaughn,62
Edward Johnson,51
Theodore Brown,97
Brandy Bryant,68
Mary Pineda,98
Lisa Jackson,51
James Tucker,83
Ashley Barnes,89
Cheyenne Malone,54
Matthew Watson,50
Dominique Hicks,89
Curtis Roberts,66
David Wilson MD,72
John Johnson,51
Kelly Clark,50
Shelley Butler,61
Dustin Castillo,74
Sherri Scott,89
Mariah Horton,68
Samuel Harper DDS,60
James Arnold,64
Victoria Morales,92
Kevin Carter,86
Derek Hines,69
Susan Hernandez,61
Kenneth Hogan,74
Phillip Griffin,84
Bryan Williams,58
Francisco Hensley,77
Lori Mitchell,76
Chad Alexander,95
Molly Villanueva,77
Matthew Odom,62
Carolyn Quinn,61
Ashley Mitchell,89
Terrance Wilson,54
David Leon,80
Aaron Brown,65
Jason Kelly,63
Cynthia Anderson,78
Brianna Stephens,51
Corey Copeland,97
Kyle Smith,69
Ellen Moss,81
Michelle Atkins,69
Jackson Novak,75
Alexander Walker,89
Alexander Meadows,76
Laura Jones,92
Daniel Melton,75
Angelica Phillips,62
Ryan Martin,84
Chloe Wright,68
Ashley Brown,85
Christina Jones,55
Sean Anderson,96
Dustin Young,83
John Mccarty,65
Beth Burch,70
Kaitlyn Fletcher,94
Cynthia Armstrong,90
Tanya Smith,85
Regina Morton,92
Stephanie Klein,99
Kristin Ponce,78
Scott Burton,80
Nicholas Owen,100
Jeffrey Jackson,54
Pamela Steele,65
Emily Carter,82
Brian Middleton,55
Tara Stokes,68
Rhonda Bennett,54
Marcus Long,99
James Hendrix,77
Olivia Vaughn,66
Ryan Cox,71
Kathryn Fernandez,51
Brian Bennett,54
Matthew Brown,80
Jeffrey Smith,59
Luis Finley,58
Manuel Nelson,65
Wayne Carter,51
Patrick Myers,66
Daniel Frank,100
Carrie Benitez,84
Jessica Hill,99
Katie Leach,63
Guy Buck,55
Charles Patterson,81
Michael Smith,85
Wayne Harmon,92
Jennifer Wilson,69
Lance Evans,76
Laura Rivera,95
Sandra Clarke,58
Ivan Alexander,86
Stephanie Dunn,88
Barbara Meyers,95
Todd Burke,66
Tabitha Williams MD,85
Hannah Campos,78
Robert Greer,84
Chris Campbell,88
Ann Norris,88
Adam Parker,74
Mr. Christopher Mendoza,52
Mary Dawson,93
Andrea Diaz,58
Gary Vaughn,75
Chad Olson,70
Kaitlin Armstrong,57
Olivia Hernandez,76
Emily Lopez,53
Shannon Wright,62
Elizabeth Kennedy DDS,58
Debra Cross,84
Stephen Cunningham,83
Victoria Johnson,57
Mary Barnett,73
Pamela Ross,94
Susan Jones,75
Alexandra Castaneda,81
Elizabeth Rodriguez,90
Kimberly Smith,60
Danielle Barajas,56
Stephanie Bush,86
Michael Campbell,75
Judith Dennis,81
Brandon Drake,68
Lisa Rowland,61
John Ryan,56
Elizabeth Smith,79
Alexander Abbott,83
Calvin Gutierrez,84
Stacey Ayers MD,85
Lisa Williamson,87
Deanna Hoover,59
Alexander Martin,82
William Rosales,76
Sarah Davis,83
Melissa Parker,89
Sarah Peters,82
Shaun Woodward,64
Jill Hansen,71
Nicole Smith,65
Christopher Harris,78
Anthony Jenkins,84
Nicole Ramirez,63
Michael Schwartz,76
Kirk Cochran,71
Janet Newman,71
Matthew Sanchez,51
Haley Thompson,59
